,map|AGSR|A/CALIFORNIA/4/2009|hu-vaccine|npdm|2009,map|SRonly|A/SWINE/KANSAS/00246/2004|swine|gamma|2004,map|SRonly|A/SWINE/OHIO/02026/2008|swine|gamma|2008,map|SRonly|A/SWINE/MISSOURI/02060/2008|swine|gamma|2008,map|AGSR|A/OHIO/9/2015|hu-variant|gamma-variant|2015,map|SRonly|A/SWINE/MINNESOTA/37866/1999|swine|gamma2-beta-like|1999,map|SRonly|A/SWINE/MINNESOTA/1192/2001|swine|gamma-npdm-like|2001,map|SRonly|A/SWINE/MINNESOTA/00194/2003|swine|gamma|2003,map|SRonly|A/SWINE/OHIO/511445/2007|swine|gamma|2007,map|AGSR|A/MEXICO/4108/2009|hu-seasonal|npdm|2009,map|SRonly|A/SWINE/NORTH_CAROLINA/02023/2008|swine|gamma|2008,map|excluded|A/SWINE/ILLINOIS/A01203922/2012|swine|gamma2|2012,map|SRonly|A/SWINE/SOUTH_DAKOTA/A01349306/2013|swine|gamma2|2013,map|AGSR|A/SWINE/ILLINOIS/A01493472/2014|swine|npdm|2014,map|Agonly|A/SWINE/MINNESOTA/A01567490/2014|swine|gamma|2014,map|Agonly|A/SWINE/NORTH_CAROLINA/A01841602/2015|swine|gamma|2015,map|Agonly|A/SWINE/OHIO/A01847657/2015|swine|gamma|2015,map|Agonly|A/SWINE/NORTH_CAROLINA/A02076926/2015|swine|gamma|2015,map|Agonly|A/SWINE/NORTH_CAROLINA/A01797415/2015|swine|gamma|2015,map|Agonly|A/SWINE/NORTH_CAROLINA/A01730369/2016|swine|gamma|2016,map|AGSR|A/SWINE/IOWA/A01731653/2016|swine|gamma|2016,map|AGSR|A/MICHIGAN/45/2015|hu-vaccine|npdm|2015,map|Agonly|A/SWINE/MEXICO/AVX23/2012|swine|gamma2-beta-like|2012,map|Agonly|A/SWINE/MEXICO/AVX44/2012|swine|npdm|2012,map|Agonly|A/SWINE/MEXICO/AVX31/2012|swine|npdm|2012
28,S,"T","T","T","T","T","A","T","T",,"T","A","A",,"T","T","T","T","T","T","T",,"T",,
30,K,"R","R","R",,"R","R","R","R",,"R",,,,"R",,,,"R","R","R",,"R","N",
41,A,"T","T","T","T",,,"T","T",,"T","M","T",,"T","T","T","T","T","T","T",,,"T",
42,K,"N","N","N","N","N","S","N","N",,"N","R","N",,"N","N","N","N","N","N","N",,"N","R",
46,K,"R","R","R",,"R","R","R","R",,"R","R","R",,"R",,,,"R","R","R",,"R",,
61,L,"I","I","I","I",,,"I","I",,"I",,,,"I","I","I","I","I","I","V",,,"I",
68,D,"N","N","N","N","N","N","N","N",,"N","N",,,"N","N","N","N","N","N","N",,"N",,
70,G,"E","E","E",,"E","E","E","E",,"E","E","E",,"E",,,,"E","E","E",,,,
91,I,"L","L","L","L","L","L","L","L","L","L","L","L","L","L","L","L","L","L","L","L","L","L","L","L"
97,T,"A","A","A","S","A","A","A","A","A","A","A","A","A","A","S","S","S","A","A","A","A","A","A","A"
62,S,,"N","N","N",,,,"N",,"N","N",,,"N","N","N","N","N","N","N","N","R",,
78,G,,"A","A","A",,,,"A",,"A",,,,"A","A","A","A","A","A","A",,,,
79,I,,"V",,,,,,,,,,,,,,,,,,,,,,
27,D,,,"E","E","E",,,,,,,"E",,,"E","E","E",,,,,"E",,
29,N,,,"D",,"S","D",,,,,"S",,,,,,,,,"D",,"D",,
13,R,,,,"K",,,,,,,"K",,,,"K","K","K",,,,,,,
55,G,,,,"E",,,,,,,"E",,,,"E","E",,,,,,,"E",
63,K,,,,"I",,,,,,,"I",,"Q",,"I","I","I",,,,"Q",,,
66,I,,,,"T",,,,,,,,,,,"T","T","T",,,,,,,
69,K,,,,"R",,,,,,,,,,,,"R",,,,,,,,
83,S,,,,"P",,,,,,,"P",,,,"P","P","P",,,,,,"H",
86,A,,,,"T","T",,,,,,"K",,,,"T","T","T","D","E",,,"T",,
96,D,,,,"N",,,,,,,,,,,"N","N","N",,,,,,,
20,T,,,,,"A",,,,,,"A",,,,,,,,,,,"A",,
26,H,,,,,"Y",,,,,,,,,,,,,,,,,,,
38,H,,,,,"Y",,,,,,,,,,,,,,,,,,,
18,P,,,,,,,,,,,"H",,,,,,,,,,,,,
19,K,,,,,,,,,,,"N",,,"Q",,,,,,,,,,"N"
34,A,,,,,,,,,,,"I",,,,,,,,,,,,,
37,P,,,,,,,,,,,"A","A",,,,,,,,,,"S",,
49,I,,,,,,,,,,,"V",,,"V",,,,,,"V",,,,
60,K,,,,,,,,,,,"N",,,,,,,,,,,,,
76,L,,,,,,,,,,,"I",,,,,,,,,,,,,
84,T,,,,,,,,,,,"N",,,,,,,,,,,,,
95,A,,,,,,,,,,,"E",,,,,,,,,,,,,
85,S,,,,,,,,,,,,"N","T",,,,,,,,"T",,"I",
90,S,,,,,,,,,,,,"A",,,,,,,,,,,"A",
57,S,,,,,,,,,,,,,,,,,,"L","L",,,,,
89,Q,,,,,,,,,,,,,,,,,,"R","R",,,,,
53,K,,,,,,,,,,,,,,,,,,,,"Q",,,,
93,Q,,,,,,,,,,,,,,,,,,,,"K",,,,
5,L,,,,,,,,,,,,,,,,,,,,,,"V",,
25,N,,,,,,,,,,,,,,,,,,,,,,"S",,
56,N,,,,,,,,,,,,,,,,,,,,,,"D",,"S"
94,N,,,,,,,,,,,,,,,,,,,,,,"H",,
87,D,,,,,,,,,,,,,,,,,,,,,,,"S",
100,F,,,,,,,,,,,,,,,,,,,,,,,"S",
