,map|AGSR|A/BEIJING/262/1995|hu-vaccine|delta-like|1995,map|Agonly|A/MICHIGAN/2/2003|hu-vaccine|delta-like|2003,map|SRonly|A/SWINE/ILLINOIS/00685/2005|swine|delta2|2005,map|AGSR|A/SWINE/OKLAHOMA/A01409770/2014|swine|delta2|2014,map|Agonly|A/SWINE/ILLINOIS/A02139356/2018|swine|delta2|2018,map|Agonly|A/SWINE/MICHIGAN/A01104117/2018|swine|delta2|2018
33,T,"S","S","S","S","S"
53,E,"G","G","V","V","V"
62,S,"I",,,,
63,N,"K","K","K","K","K"
66,V,"A","T","T","T","T"
75,V,"I",,,,
83,S,"P",,,,
87,V,"D","D","D","D","D"
90,A,"T",,,,
91,I,"L","L","L","L","L"
12,E,,,"K","K","K"
21,S,,,"G",,
34,A,,,"S","S","S"
41,K,,,"N","N","N"
68,N,,,"K","K","K"
86,G,,,"E","E","E"
13,R,,,,"K","K"
20,E,,,,"K","K"
56,G,,,,"N","N"
73,V,,,,"I",
85,I,,,,"M","M"
69,K,,,,,"E"
70,E,,,,,"G"
