Isolate,Number of Differences,Positions Different
map|AGSR|A/CALIFORNIA/4/2009|hu-vaccine|npdm|2009,,
map|AGSR|A/SWINE/ALBERTA/SD0014/2013|swine|alpha2|2013,19,"20, 27, 28, 37, 41, 42, 43, 46, 55, 57, 61, 66, 68, 83, 85, 86, 89, 91, 95"
map|Agonly|A/SWINE/MANITOBA/D0348/2014|swine|alpha3b-2|2014,28,"13, 19, 20, 27, 28, 29, 30, 35, 38, 42, 46, 49, 55, 56, 60, 62, 63, 66, 68, 70, 83, 85, 86, 90, 91, 96, 97, 98"
map|AGSR|A/SWINE/MANITOBA/D0333/2014|swine|alpha3a|2014,21,"2, 20, 28, 35, 41, 42, 54, 56, 60, 62, 63, 66, 68, 70, 78, 83, 90, 91, 93, 95, 97"
map|Agonly|A/MINNESOTA/45/2016|hu-variant|alpha3b-2-variant|2016,27,"13, 19, 20, 27, 28, 29, 30, 35, 38, 42, 46, 49, 56, 60, 62, 63, 66, 68, 70, 83, 85, 86, 90, 91, 96, 97, 98"
map|SRonly|A/SWINE/MINNESOTA/02053/2008|swine|alpha2|2008,18,"20, 21, 27, 28, 30, 37, 41, 42, 46, 55, 57, 61, 66, 68, 85, 86, 91, 97"
map|AGSR|A/SWINE/MINNESOTA/A01781045/2016|swine|alpha3b-2|2016,27,"13, 19, 20, 27, 28, 29, 30, 35, 38, 41, 42, 46, 49, 55, 60, 62, 63, 66, 68, 83, 85, 86, 90, 91, 96, 97, 98"
map|Agonly|A/SWINE/ALBERTA/SD0191/2016|swine|alpha3b-2|2016,29,"13, 19, 20, 27, 28, 29, 30, 35, 38, 41, 42, 46, 49, 55, 56, 60, 62, 63, 66, 68, 70, 83, 85, 86, 90, 91, 96, 97, 98"
map|Agonly|A/SWINE/SASKATCHEWAN/SD0094/2015|swine|alpha2|2015,17,"19, 20, 27, 28, 29, 37, 41, 42, 46, 55, 57, 61, 68, 83, 85, 86, 91"
map|AGSR|A/SWINE/MANITOBA/SD0114/2015|swine|alpha3b-2|2015,28,"13, 19, 20, 27, 28, 29, 30, 35, 38, 41, 42, 46, 49, 55, 56, 60, 62, 63, 66, 68, 83, 85, 86, 90, 91, 96, 97, 98"
map|AGSR|A/SWINE/ALBERTA/SD0154/2016|swine|alpha2|2016,17,"8, 19, 20, 22, 27, 28, 29, 37, 41, 46, 55, 57, 61, 84, 85, 86, 91"
map|AGSR|A/SWINE/MANITOBA/D0392/2014|swine|alpha3b-2|2014,27,"13, 19, 20, 27, 28, 29, 30, 32, 35, 38, 42, 46, 55, 60, 62, 63, 66, 68, 70, 83, 85, 86, 90, 91, 96, 97, 98"
map|AGSR|A/SWINE/SASKATCHEWAN/SD0102/2015|swine|alpha3b-2|2015,27,"13, 19, 20, 27, 28, 29, 30, 35, 38, 42, 46, 49, 56, 60, 62, 63, 66, 68, 70, 83, 85, 86, 90, 91, 96, 97, 98"
map|Agonly|A/SWINE/SASKATCHEWAN/SD0200/2016|swine|alpha3b-2|2016,31,"13, 19, 20, 27, 28, 29, 30, 34, 35, 38, 41, 42, 46, 49, 55, 56, 60, 62, 63, 66, 68, 70, 83, 85, 86, 90, 91, 93, 96, 97, 98"
map|AGSR|A/SWINE/ALBERTA/SD0125/2015|swine|alpha2|2015,19,"8, 19, 20, 27, 28, 29, 30, 37, 41, 42, 46, 55, 57, 61, 68, 83, 85, 86, 91"
map|SRonly|A/SWINE/SASKATCHEWAN/SD0142/2016|swine|alpha3b-2|2016,31,"13, 19, 20, 27, 28, 29, 30, 34, 35, 38, 41, 42, 46, 49, 55, 56, 60, 62, 63, 66, 68, 70, 83, 85, 86, 90, 91, 93, 96, 97, 98"
