,map|AGSR|A/CALIFORNIA/4/2009|hu-vaccine|npdm|2009,map|AGSR|A/SWINE/ALBERTA/SD0014/2013|swine|alpha2|2013,map|Agonly|A/SWINE/MANITOBA/D0348/2014|swine|alpha3b-2|2014,map|AGSR|A/SWINE/MANITOBA/D0333/2014|swine|alpha3a|2014,map|Agonly|A/MINNESOTA/45/2016|hu-variant|alpha3b-2-variant|2016,map|SRonly|A/SWINE/MINNESOTA/02053/2008|swine|alpha2|2008,map|AGSR|A/SWINE/MINNESOTA/A01781045/2016|swine|alpha3b-2|2016,map|Agonly|A/SWINE/ALBERTA/SD0191/2016|swine|alpha3b-2|2016,map|Agonly|A/SWINE/SASKATCHEWAN/SD0094/2015|swine|alpha2|2015,map|AGSR|A/SWINE/MANITOBA/SD0114/2015|swine|alpha3b-2|2015,map|AGSR|A/SWINE/ALBERTA/SD0154/2016|swine|alpha2|2016,map|AGSR|A/SWINE/MANITOBA/D0392/2014|swine|alpha3b-2|2014,map|AGSR|A/SWINE/SASKATCHEWAN/SD0102/2015|swine|alpha3b-2|2015,map|Agonly|A/SWINE/SASKATCHEWAN/SD0200/2016|swine|alpha3b-2|2016,map|AGSR|A/SWINE/ALBERTA/SD0125/2015|swine|alpha2|2015,map|SRonly|A/SWINE/SASKATCHEWAN/SD0142/2016|swine|alpha3b-2|2016
20,T,"A","E","E","E","A","E","E","A","E","A","E","E","E","A","E"
27,D,"E","K",,"K","E","K","K","E","K","E","K","K","K","E","K"
28,S,"T","T","P","T","T","T","T","T","T","T","T","T","T","T","T"
37,P,"S",,,,"S",,,"S",,"S",,,,"S",
41,A,"T",,"V",,"T","E","K","K","E","T",,,"K","E","K"
42,K,"T","S","S","S","N","S","S","N","S",,"S","N","S","N","S"
43,S,"G",,,,,,,,,,,,,,
46,K,"R","R",,"R","R","R","R","R","R","R","R","R","R","R","R"
55,G,"E","D",,,"D","D","S","E","D","E","D",,"D","E","D"
57,S,"K",,,,"T",,,"T",,"T",,,,"T",
61,L,"I",,,,"I",,,"I",,"I",,,,"I",
66,I,"V","V","V","V","V","V","V",,"V",,"V","V","V",,"V"
68,D,"N","N","N","N","N","N","N","N","N",,"N","S","N","N","N"
83,S,"P","P","P","P",,"P","P","P","P",,"P","P","P","P","P"
85,S,"N","D",,"G","N","G","D","N","G","N","D","G","D","N","D"
86,A,"N","N",,"N","N","N","N","N","N","N","N","N","D","S","N"
89,Q,"L",,,,,,,,,,,,,,
91,I,"L","L","L","L","L","L","L","L","L","L","L","L","L","L","L"
95,A,"P",,"E",,,,,,,,,,,,
13,R,,"K",,"K",,"K","K",,"K",,"K","K","K",,"K"
19,K,,"I",,"I",,"I","I","M","I","N","I","I","I","T","I"
29,N,,"del",,"del",,"del","del","T","del","S","del","del","del","T","del"
30,K,,"del",,"del","R","del","del",,"del",,"del","del","del","R","del"
35,A,,"S","S","S",,"S","S",,"S",,"S","S","S",,"S"
38,H,,"Y",,"D",,"Y","Y",,"Y",,"Y","D","Y",,"Y"
49,I,,"M",,"M",,"M","M",,"M",,,"M","M",,"M"
56,N,,"D","S","D",,,"D",,"G",,,"D","D",,"D"
60,K,,"R","M","R",,"R","R",,"R",,"M","R","R",,"R"
62,S,,"N","N","N",,"N","N",,"N",,"N","N","N",,"N"
63,K,,"I","I","I",,"I","I",,"I",,"I","I","I",,"I"
70,G,,"R","K","R",,,"M",,,,"R","R","R",,"R"
90,S,,"W","W","W",,"W","W",,"W",,"R","W","W",,"W"
96,D,,"N",,"N",,"N","N",,"N",,"N","N","N",,"N"
97,T,,"A","A","A","A","A","A",,"A",,"A","A","A",,"A"
98,Y,,"S",,"S",,"S","S",,"S",,"S","S","S",,"S"
2,R,,,"K",,,,,,,,,,,,
54,K,,,"R",,,,,,,,,,,,
78,G,,,"A",,,,,,,,,,,,
93,Q,,,"E",,,,,,,,,,"K",,"K"
21,S,,,,,"N",,,,,,,,,,
8,V,,,,,,,,,,"A",,,,"I",
22,S,,,,,,,,,,"A",,,,,
84,T,,,,,,,,,,"N",,,,,
32,V,,,,,,,,,,,"E",,,,
34,A,,,,,,,,,,,,,"G",,"E"
