,map|Agonly|A/MICHIGAN/2/2003|hu-vaccine|delta-like|2003,map|AGSR|A/BEIJING/262/1995|hu-vaccine|delta-like|1995,map|AGSR|A/SWINE/MINNESOTA/A01134353/2011|swine|delta1a|2011,map|notfound|A/SWINE/MINNESOTA/A01392045/2013|swine|delta1a|2013,map|AGSR|A/SWINE/NEBRASKA/A01492366/2014|swine|delta1a|2014,map|Agonly|A/SWINE/ILLINOIS/A01644323/2018|swine|delta1|2018
33,S,"T",,,,
53,G,"E","V","V","V","V"
62,I,"S","S","S","S","S"
63,K,"N",,,,
66,A,"V","E","E","E","E"
75,I,"V",,,,
83,P,"S",,"S","S","S"
87,D,"V","N",,,
90,T,"A",,,,
91,L,"I",,,,
41,K,,"E",,,"E"
42,S,,"R","R","G","R"
49,L,,"I","I","I","I"
68,N,,"D","D","D","D"
70,E,,"G","G","G","G"
19,K,,,"R","R","R"
89,R,,,,,"K"
