,map|AGSR|A/BEIJING/262/1995|hu-vaccine|delta-like|1995,map|Agonly|A/MICHIGAN/2/2003|hu-vaccine|delta-like|2003,map|AGSR|A/SWINE/MINNESOTA/A01134353/2011|swine|delta1a|2011,map|notfound|A/SWINE/MINNESOTA/A01392045/2013|swine|delta1a|2013,map|AGSR|A/SWINE/NEBRASKA/A01492366/2014|swine|delta1a|2014,map|Agonly|A/SWINE/ILLINOIS/A01644323/2018|swine|delta1|2018
33,T,"S","S","S","S","S"
53,E,"G","V","V","V","V"
62,S,"I",,,,
63,N,"K","K","K","K","K"
66,V,"A","E","E","E","E"
75,V,"I","I","I","I","I"
83,S,"P","P",,,
87,V,"D","N","D","D","D"
90,A,"T","T","T","T","T"
91,I,"L","L","L","L","L"
41,K,,"E",,,"E"
42,S,,"R","R","G","R"
49,L,,"I","I","I","I"
68,N,,"D","D","D","D"
70,E,,"G","G","G","G"
19,K,,,"R","R","R"
89,R,,,,,"K"
